lat,lon,snw_trend_pct
23.0,-105.0,-0.03765232679511172
23.0,113.0,-0.9743911357689852
25.0,-107.0,0.8162415793835498
25.0,-105.0,0.17860308406517034
25.0,99.0,-0.011675878883625989
25.0,101.0,0.03240609471652835
25.0,103.0,-0.10314342848522928
25.0,105.0,-0.1801786487561864
25.0,107.0,-0.19837592056493
25.0,109.0,-0.1292525797453185
25.0,111.0,-0.17140889191322561
25.0,113.0,-0.2278070478879087
25.0,117.0,-0.10470953758682608
27.0,-107.0,-1.9258690132976095
27.0,-105.0,0.06710599386569255
27.0,83.0,-0.0661735309609458
27.0,85.0,-0.08956907132089514
27.0,87.0,-0.2098571211552671
27.0,89.0,-0.334934889833289
27.0,91.0,-0.6041274067608812
27.0,93.0,-0.709090101480997
27.0,95.0,-0.8954739636498379
27.0,97.0,-0.7121867499896783
27.0,99.0,-0.8975371176783233
27.0,101.0,-0.6898291734139349
27.0,103.0,-0.5552327628122055
27.0,105.0,-0.3930758257040212
27.0,107.0,-0.22417854704842258
27.0,109.0,-0.16950495312078123
27.0,111.0,0.17207779061364742
27.0,113.0,-0.34397522935630637
27.0,115.0,-0.26034389119768947
27.0,119.0,-0.20618259130633237
29.0,-109.0,-6.032300731313443
29.0,-107.0,-66.32102661731406
29.0,-105.0,0.24635647033215216
29.0,-103.0,0.4481745562873712
29.0,-9.0,-0.11858618815006121
29.0,35.0,-0.022999524958700106
29.0,53.0,-0.13897877733379232
29.0,55.0,-0.20019700170894789
29.0,57.0,0.14209095822755388
29.0,59.0,-0.2586425020538268
29.0,67.0,-0.21418709793953344
29.0,69.0,0.18037873442486443
29.0,79.0,-0.5279913473162833
29.0,81.0,-0.7043647493325413
29.0,83.0,-0.3603445483741469
29.0,85.0,-0.16812563916953838
29.0,87.0,-0.0858997031572469
29.0,89.0,-0.047139279074549595
29.0,91.0,-0.11195225204220244
29.0,93.0,-0.9007446576235639
29.0,95.0,-1.0905066006782795
29.0,97.0,-0.8241499185758745
29.0,99.0,-0.6772543275560485
29.0,101.0,-0.8061508251285973
29.0,103.0,-1.0070845459371758
29.0,105.0,-0.4143440450967359
29.0,107.0,-0.2663644483028796
29.0,109.0,-0.362888549638206
29.0,111.0,-0.3615413924416159
29.0,115.0,0.0509341815474805
29.0,117.0,-0.37954653776657066
29.0,119.0,-0.127401279065665
31.0,-111.0,-0.008033094060180681
31.0,-109.0,0.12390616403584959
31.0,-107.0,0.4073037120869991
31.0,-105.0,-0.07320197928746326
31.0,-89.0,-0.0986784039532125
31.0,-87.0,-0.02696810298482037
31.0,-85.0,-0.0032572421769468483
31.0,-7.0,1.1047738677295005
31.0,-5.0,-0.2915891108692084
31.0,49.0,-0.023469480116375105
31.0,51.0,-0.9355523132182628
31.0,53.0,-0.7342746616215294
31.0,55.0,-0.641794246804285
31.0,57.0,-0.2672173889208718
31.0,59.0,-0.179862431840806
31.0,61.0,-0.057033287919356614
31.0,65.0,-0.2104495990141053
31.0,67.0,-0.14487323534275331
31.0,69.0,-0.1516968696668927
31.0,71.0,0.19642861969404274
31.0,77.0,-0.21979959797874715
31.0,79.0,-0.4951985383339075
31.0,81.0,-0.55762424896565
31.0,83.0,-0.3328434600423769
31.0,85.0,-0.5203831791951697
31.0,87.0,-0.7681776172361782
31.0,89.0,-0.8929724087233745
31.0,91.0,-0.4979418732003691
31.0,93.0,-1.0088929126981443
31.0,95.0,-0.899486630851976
31.0,97.0,-0.6497053286075172
31.0,99.0,-0.607272381491358
31.0,101.0,-0.9162467581511596
31.0,103.0,-0.971346223654134
31.0,105.0,-0.26180341249818856
31.0,107.0,-0.2501460070174657
31.0,109.0,-0.4335463171393967
31.0,111.0,-0.6449027047401293
31.0,115.0,-0.22026125877604985
31.0,117.0,-0.10460354375142034
31.0,119.0,-0.12641553259754015
33.0,-115.0,-0.11476150591376744
33.0,-113.0,-0.4101376340550309
33.0,-111.0,-0.2195441151793139
33.0,-109.0,-0.14053124881851384
33.0,-107.0,0.0340821182846637
33.0,-105.0,-0.09897575722232634
33.0,-103.0,-0.14304508244934502
33.0,-101.0,-0.16899589337767093
33.0,-5.0,-0.5838534812513013
33.0,-3.0,-0.22545288451935885
33.0,37.0,-0.22204994163644418
33.0,45.0,-0.302352850241467
33.0,47.0,-0.7331027653600068
33.0,49.0,-0.8901515567928266
33.0,51.0,-0.7291634580464262
33.0,53.0,0.47556930735054787
33.0,55.0,-0.15150687261308587
33.0,57.0,0.4458797088340008
33.0,59.0,1.97650828806472
33.0,61.0,-9.139259683202365
33.0,63.0,-0.39477413086728325
33.0,65.0,-0.23363701827300049
33.0,67.0,-0.5551895875270139
33.0,69.0,-0.43923471658592633
33.0,71.0,-0.2795147926077709
33.0,73.0,-0.12211660819123134
33.0,75.0,-0.18884348395825096
33.0,77.0,-0.458233580724054
33.0,79.0,-0.42398671071305377
33.0,81.0,-0.41015870502876217
33.0,83.0,-0.47826193471956696
33.0,85.0,-0.3671738707486242
33.0,87.0,-0.24799419622501764
33.0,89.0,-0.3622936141080701
33.0,91.0,-0.5363017851223766
33.0,93.0,-0.22665298533356193
33.0,95.0,-0.7917281585740905
33.0,97.0,-0.7501954443987391
33.0,99.0,-0.8388353227277295
33.0,101.0,-0.870980875878857
33.0,103.0,-0.8086335813836965
33.0,105.0,-0.7892836818260611
33.0,107.0,-0.5324909747540114
33.0,109.0,-0.4113494603444014
33.0,111.0,-0.3289468200471524
33.0,113.0,-0.1111228982956741
33.0,115.0,-0.07313154567911516
33.0,117.0,-0.12631661033406283
33.0,119.0,-0.03215250980626633
35.0,-119.0,0.6769105480664546
35.0,-117.0,0.21785852524075397
35.0,-115.0,0.12484748336059583
35.0,-113.0,-0.3019311865431321
35.0,-111.0,-0.4963759572237213
35.0,-109.0,-0.6462979591386705
35.0,-107.0,-0.31054662073699446
35.0,-105.0,-0.30674378323650603
35.0,-103.0,-0.3904366583594806
35.0,-101.0,-0.32046870209195993
35.0,-99.0,-0.26319714913443326
35.0,-97.0,-0.08403578124740047
35.0,-95.0,-0.08101345993775762
35.0,-93.0,-0.1412257125661794
35.0,-91.0,-0.20696744027769567
35.0,-89.0,-0.15400143722811327
35.0,-87.0,-0.09563001975496964
35.0,-85.0,-0.0875750360700748
35.0,-83.0,-0.12215168178482633
35.0,-81.0,-0.10335108112167882
35.0,-79.0,-0.05959015077465371
35.0,1.0,-3.769128768482238
35.0,3.0,0.27591154102656035
35.0,5.0,1.0254939242679224
35.0,7.0,0.6824697299691297
35.0,9.0,0.08750284488599984
35.0,37.0,-0.3535962538352087
35.0,45.0,-0.6267594552630545
35.0,47.0,-0.8872093848396595
35.0,49.0,-0.7878797920496736
35.0,51.0,-0.38023801302912386
35.0,53.0,-0.3834195302954224
35.0,55.0,-0.03832960082027454
35.0,57.0,0.9247350390437529
35.0,59.0,-0.1177692739917425
35.0,61.0,-0.3033581167277403
35.0,63.0,-0.5791601562034766
35.0,65.0,-0.5036153457049255
35.0,67.0,-0.3286713350187307
35.0,69.0,-0.4541407257659007
35.0,71.0,-0.8792413757255818
35.0,73.0,-0.5743339573172045
35.0,75.0,-0.28756092180977527
35.0,77.0,-0.4125745240950826
35.0,79.0,-0.5093907848236011
35.0,81.0,-0.3761911447186186
35.0,83.0,-0.8125269181122259
35.0,85.0,-0.9430997149974156
35.0,87.0,-0.16233789465558318
35.0,89.0,-0.43852993178188043
35.0,91.0,-0.8442151753635414
35.0,93.0,-0.29539744964315784
35.0,95.0,-0.3733475014919561
35.0,97.0,-0.5062840659130433
35.0,99.0,-0.7536787624132198
35.0,101.0,-0.7998805481233897
35.0,103.0,-0.7073204498712569
35.0,105.0,-0.5986475243263435
35.0,107.0,-0.6696461756478843
35.0,109.0,-0.4926214208135017
35.0,111.0,-0.23332806744907886
35.0,113.0,-0.18543328237034673
35.0,115.0,-0.15014362061712488
35.0,117.0,-0.1291670808899503
35.0,119.0,-0.09002880954931923
37.0,-121.0,-0.0991700446919912
37.0,-119.0,-0.3906707365588899
37.0,-117.0,-0.44633172047891273
37.0,-115.0,-0.44843610929606026
37.0,-113.0,-0.47457204019602506
37.0,-111.0,-0.49753703229451424
37.0,-109.0,-0.6207179190924155
37.0,-107.0,-0.5825033148248134
37.0,-105.0,-0.837869558945669
37.0,-103.0,-0.7549987087162232
37.0,-101.0,-0.4875635450910574
37.0,-99.0,-0.2693660047334135
37.0,-97.0,-0.11976526367833679
37.0,-95.0,-0.07742550414479996
37.0,-93.0,-0.1266386093679597
37.0,-91.0,-0.11496710075486494
37.0,-89.0,-0.13722570512642823
37.0,-87.0,-0.23249730101232452
37.0,-85.0,-0.29706911154196863
37.0,-83.0,-0.33287136146927304
37.0,-81.0,-0.34440124230171
37.0,-79.0,-0.27561857951753155
37.0,-77.0,-0.15001060978056638
37.0,37.0,-0.5697541245572701
37.0,39.0,-0.4795546063839246
37.0,41.0,-0.703825265818788
37.0,43.0,-0.9063567217749107
37.0,47.0,-1.0269588153304456
37.0,55.0,-0.3446803395776003
37.0,57.0,-0.3650415592190599
37.0,59.0,-0.21945726889351924
37.0,61.0,-0.2808056853495229
37.0,63.0,-0.2392760039005079
37.0,65.0,-0.6378633231336612
37.0,67.0,-0.8116601676630172
37.0,69.0,-0.9274010183097665
37.0,71.0,-0.22758562794860862
37.0,73.0,-0.2435202291671974
37.0,75.0,-0.26383697375040466
37.0,77.0,-0.3266259664292351
37.0,79.0,-0.2018463578562601
37.0,81.0,-0.6151337933425016
37.0,83.0,-0.8073467139304963
37.0,85.0,-0.5199561453793915
37.0,87.0,-0.2561670836433771
37.0,89.0,-0.5374929314009573
37.0,91.0,-0.5997342847140805
37.0,93.0,-0.2341184253981668
37.0,95.0,-0.32083588468232416
37.0,97.0,-0.31034410281236374
37.0,99.0,-0.3602356418671404
37.0,101.0,-0.32015540076890514
37.0,103.0,-0.2679936828882373
37.0,105.0,0.003452085955741868
37.0,107.0,-0.17121314362061632
37.0,109.0,-0.33128113608695037
37.0,111.0,-0.2849659310678805
37.0,113.0,-0.22126750155050215
37.0,115.0,-0.18210031122635736
37.0,117.0,-0.2241088986641137
39.0,-121.0,-0.3053926317065269
39.0,-119.0,-0.6587680113781126
39.0,-117.0,-0.5653899505207126
39.0,-115.0,-0.7039421656854832
39.0,-113.0,-0.8842766707321542
39.0,-111.0,-0.7078239701575334
39.0,-109.0,-0.7205762076103915
39.0,-107.0,-0.5732089340377685
39.0,-105.0,-0.6403602457182637
39.0,-103.0,-0.674877398224734
39.0,-101.0,-0.45859450699216636
39.0,-99.0,-0.27276712406793463
39.0,-97.0,-0.24566901807665625
39.0,-95.0,-0.2283374217416637
39.0,-93.0,-0.16297951425968712
39.0,-91.0,-0.19211192097757027
39.0,-89.0,-0.18578271413204794
39.0,-87.0,-0.4374533323099334
39.0,-85.0,-0.46600259323474696
39.0,-83.0,-0.472301510788884
39.0,-81.0,-0.4072951409596816
39.0,-79.0,-0.4243397121562133
39.0,-77.0,-0.4372663135051843
39.0,-7.0,0.22419304190488687
39.0,-5.0,9.057853811266515
39.0,-3.0,0.012310452732236861
39.0,-1.0,-0.2300200220596313
39.0,29.0,-0.4128396315071078
39.0,31.0,-0.4707629174365539
39.0,33.0,-0.5344481734836575
39.0,35.0,-0.9605920123313264
39.0,37.0,-1.0662390256273362
39.0,39.0,-0.9358370914521849
39.0,41.0,-0.9297240572975475
39.0,43.0,-1.1017159808956511
39.0,45.0,-1.0189072014706468
39.0,47.0,-0.8407323792706708
39.0,55.0,-1.9752645240579116
39.0,57.0,-0.19356345967221308
39.0,59.0,-0.2798765315510346
39.0,63.0,0.1860632904420512
39.0,65.0,-0.43925871399239486
39.0,67.0,-0.901545271537739
39.0,69.0,-0.7299171372138944
39.0,71.0,-0.19201328363510195
39.0,73.0,-0.16738555970879182
39.0,75.0,-0.389119618712693
39.0,77.0,-0.18624257578521156
39.0,79.0,-0.06616823675789302
39.0,81.0,-0.11304778620119492
39.0,85.0,-0.24584308121512455
39.0,87.0,-0.07786059403584696
39.0,89.0,0.037344247306210825
39.0,91.0,-0.19297179411734255
39.0,93.0,-0.11914885178089231
39.0,95.0,-0.07429331248697457
39.0,97.0,-0.10318544743341317
39.0,99.0,0.04247232691134901
39.0,101.0,-0.31645742041288244
39.0,103.0,-0.17547417220649475
39.0,105.0,-0.10663631086242277
39.0,107.0,-0.19236366891166073
39.0,109.0,-0.17878694147580065
39.0,111.0,-0.1421739840468021
39.0,113.0,-0.20751645778644232
39.0,115.0,-0.17535741459235263
41.0,-123.0,-0.2743744471704539
41.0,-121.0,-0.4841085883044004
41.0,-119.0,-0.9024450506950076
41.0,-117.0,-0.8572565685320958
41.0,-115.0,-0.7698529971785775
41.0,-113.0,-0.8533581743350243
41.0,-111.0,-0.7503744480394473
41.0,-109.0,-0.3679889588296104
41.0,-107.0,-0.2831334612907506
41.0,-105.0,-0.41961039002242173
41.0,-103.0,-0.4951529114634336
41.0,-101.0,-0.16181748473529087
41.0,-99.0,-0.1696171646907272
41.0,-97.0,-0.24503685396039812
41.0,-95.0,-0.2308375446206287
41.0,-93.0,-0.2533165535355623
41.0,-91.0,-0.32156226405334176
41.0,-89.0,-0.37809780543709476
41.0,-87.0,-0.5632455024173543
41.0,-85.0,-0.5657359499765886
41.0,-81.0,-0.6722635507817212
41.0,-79.0,-0.7702301713983402
41.0,-77.0,-0.9063519236897306
41.0,-75.0,-0.9737636603642215
41.0,-7.0,-0.3081129599984896
41.0,-5.0,-0.29891001034594655
41.0,-3.0,-0.2623118961077182
41.0,-1.0,-0.28969636884683225
41.0,21.0,-0.3938844098570833
41.0,23.0,-0.3200322499427439
41.0,43.0,-0.9154924831852397
41.0,45.0,-0.7420819099121015
41.0,47.0,-0.6016358384065974
41.0,55.0,-0.2963508752405516
41.0,57.0,-0.24473220126186665
41.0,59.0,-0.30838610446887266
41.0,61.0,-0.30958585627090834
41.0,63.0,-0.18361638825202087
41.0,65.0,-0.2512397063968436
41.0,67.0,-0.30146100382855345
41.0,69.0,-0.9842082314255746
41.0,71.0,-0.7951269137052388
41.0,73.0,-0.6325579144924564
41.0,75.0,-0.488672380559888
41.0,77.0,-0.6073419867411176
41.0,79.0,-0.5521990782116548
41.0,81.0,-0.33805359899511417
41.0,83.0,-0.5262800721429752
41.0,85.0,-0.32258415345497576
41.0,87.0,-0.0726837400865274
41.0,89.0,1.1207477191022608
41.0,91.0,-0.5216727551828414
41.0,93.0,-0.013184746059434831
41.0,95.0,0.09508520392357261
41.0,97.0,0.0679174488002988
41.0,99.0,0.08629837571485278
41.0,101.0,0.14433522931204112
41.0,103.0,0.08108131248199635
41.0,105.0,-0.39614632431016045
41.0,107.0,-0.15772666739603072
41.0,109.0,-0.2709313604760694
41.0,111.0,-0.17398205494532473
41.0,113.0,0.031123518162323335
41.0,115.0,0.07026636097864335
41.0,117.0,-0.014992501582525231
41.0,119.0,-0.018472577492491003
41.0,123.0,-0.33332853056130723
41.0,125.0,-0.7222761264959204
41.0,127.0,-0.6063310622656691
43.0,-123.0,-0.3161013297810245
43.0,-121.0,-0.5590707490216839
43.0,-119.0,-0.9267719036689145
43.0,-117.0,-0.6809476997967089
43.0,-115.0,-1.1172171494486784
43.0,-113.0,-1.048101871077681
43.0,-111.0,-0.4111233116906853
43.0,-109.0,-0.30579868330465254
43.0,-107.0,-0.4163764732728087
43.0,-105.0,-0.1649105245291957
43.0,-103.0,-0.08084937126119851
43.0,-101.0,-0.09920108537374063
43.0,-99.0,-0.01740519417679969
43.0,-97.0,-0.007281654589310354
43.0,-95.0,-0.029832779073093472
43.0,-93.0,-0.17262427752353238
43.0,-91.0,-0.16809980773957037
43.0,-89.0,-0.4109305745299825
43.0,-85.0,-0.6279927756677478
43.0,-75.0,-1.0476087521327881
43.0,-73.0,-1.199838860443408
43.0,1.0,-0.27345817682552287
43.0,21.0,-0.5559703591383164
43.0,23.0,-0.6080520856273508
43.0,25.0,-0.48084865891642664
43.0,27.0,-0.2617623566830007
43.0,43.0,-1.0600731614702725
43.0,45.0,-0.8348215347397108
43.0,55.0,-0.2760919238452027
43.0,57.0,-0.3142252116090062
43.0,59.0,-0.24763542984443818
43.0,61.0,-0.1902136356930093
43.0,63.0,-0.22185216915787692
43.0,65.0,-0.26309261777188236
43.0,67.0,-0.2641613419297965
43.0,69.0,-0.5724618402547779
43.0,71.0,-0.5752576648298398
43.0,73.0,-0.5368309949929391
43.0,75.0,-0.6955753784087443
43.0,79.0,-0.41177681887582995
43.0,81.0,-0.42704533986648596
43.0,83.0,-0.31161496605141753
43.0,85.0,-0.41987574097428426
43.0,87.0,-0.5272633764028719
43.0,89.0,-0.337241844865127
43.0,91.0,-0.1867831745974521
43.0,93.0,-0.13179771453194808
43.0,95.0,-0.5593043501471233
43.0,97.0,-0.5465474832261161
43.0,99.0,0.0662705739349302
43.0,101.0,-0.28259664170551535
43.0,103.0,-0.2220481969307073
43.0,105.0,-0.23834724549092084
43.0,107.0,-0.3591886268196794
43.0,109.0,-0.18626403927766688
43.0,111.0,-0.049344264084682996
43.0,113.0,-0.08283258099104039
43.0,115.0,-0.1345967574770334
43.0,117.0,0.0065664650371232425
43.0,119.0,0.08823474294881573
43.0,121.0,-0.007452354265205788
43.0,123.0,-0.15705947747791382
43.0,125.0,-0.5878693890610511
43.0,127.0,-0.5212175171598609
43.0,129.0,-0.5187324713513737
45.0,-123.0,-0.1821718001772547
45.0,-121.0,-0.43590773336110994
45.0,-119.0,-0.9929844063363358
45.0,-117.0,-1.020725508839076
45.0,-115.0,-0.6474237791485096
45.0,-113.0,-0.5517292711930423
45.0,-111.0,-0.46130399340265227
45.0,-109.0,-0.2404342935400172
45.0,-107.0,-0.198933097904188
45.0,-105.0,-0.1399460384317736
45.0,-103.0,-0.009276210124569594
45.0,-101.0,-0.03444280095306288
45.0,-99.0,-0.02518604338729533
45.0,-97.0,-0.029632196434723302
45.0,-95.0,-0.23805512120059144
45.0,-93.0,-0.25390456264576416
45.0,-91.0,-0.2764220871164053
45.0,-89.0,-0.4021887242685152
45.0,-79.0,-0.9609997826628832
45.0,-77.0,-0.909872030092928
45.0,-75.0,-0.961342649277379
45.0,-73.0,-1.001404692151656
45.0,-71.0,-0.9124772297134748
45.0,-69.0,-0.8970338588605792
45.0,1.0,-0.1529608305052589
45.0,3.0,-0.2775700646280654
45.0,5.0,-0.5960918604939163
45.0,7.0,-0.6809559533413018
45.0,9.0,-0.7754824418339357
45.0,11.0,-0.30225302240188406
45.0,17.0,-0.25238950018554596
45.0,19.0,-0.33464735846797306
45.0,21.0,-0.4733056883362074
45.0,23.0,-0.7297779085492955
45.0,25.0,-0.5653073985423407
45.0,27.0,-0.3737855873980097
45.0,39.0,-0.2608484806379205
45.0,41.0,-0.919382845045622
45.0,43.0,-0.7516822425032518
45.0,45.0,-0.373207105779729
45.0,55.0,-0.6093365845144458
45.0,57.0,-0.5396616404319028
45.0,63.0,-0.32771324254826073
45.0,65.0,-0.4399109049389871
45.0,67.0,-0.32576516097508823
45.0,69.0,-0.2706066917596767
45.0,71.0,-0.34292148518920623
45.0,73.0,-0.42518677162249646
45.0,75.0,-0.4314305344517973
45.0,77.0,-0.8185287776792388
45.0,79.0,-0.6129740162433595
45.0,81.0,-0.4971659344368874
45.0,83.0,-0.5337525867208902
45.0,85.0,-0.6292480805711297
45.0,87.0,-0.6064016571813621
45.0,89.0,-0.3586897822962371
45.0,91.0,0.10513280385239998
45.0,93.0,0.023113819453462803
45.0,95.0,-0.03847529121139834
45.0,97.0,0.025346618824353708
45.0,99.0,-0.0405202637494829
45.0,101.0,-0.3068864499308712
45.0,103.0,-0.08041525330859414
45.0,105.0,-0.13370565270919554
45.0,107.0,-0.16914930308845733
45.0,109.0,-0.13889651995793822
45.0,111.0,-0.15483143280591324
45.0,113.0,-0.16793833606150585
45.0,115.0,-0.13007132496332344
45.0,117.0,-0.14154802427986005
45.0,119.0,-0.19039063471760356
45.0,121.0,0.03903767583570626
45.0,123.0,-0.05038074177199292
45.0,125.0,-0.35945878857181957
45.0,127.0,-0.22001367346685322
45.0,129.0,-0.12134438791376594
45.0,131.0,-0.3070133833308793
45.0,133.0,-0.6817125078483007
45.0,135.0,-0.6075422693020166
47.0,-123.0,-0.7045448029703887
47.0,-121.0,-0.8593326871831106
47.0,-119.0,-0.8540729850700962
47.0,-117.0,-1.0021155988850827
47.0,-115.0,-1.094782126674094
47.0,-113.0,-0.8763152334103971
47.0,-111.0,-0.5827250694213016
47.0,-109.0,-0.45169827260886614
47.0,-107.0,-0.22111350887497438
47.0,-105.0,-0.20971320444816516
47.0,-103.0,-0.2224038651420375
47.0,-101.0,-0.011886914038858075
47.0,-99.0,-0.10099818286721511
47.0,-97.0,-0.24745039894582205
47.0,-95.0,-0.2865212212086512
47.0,-93.0,-0.34189088481385993
47.0,-83.0,-0.5236047814150536
47.0,-81.0,-0.7567934161891615
47.0,-79.0,-0.7929684505617884
47.0,-77.0,-0.6081755712583218
47.0,-75.0,-0.5013296242836075
47.0,-73.0,-0.5169730033651171
47.0,-71.0,-0.5677291401129303
47.0,-69.0,-0.7768836766182644
47.0,-67.0,-0.9025657428457781
47.0,-1.0,-0.4287096641608887
47.0,1.0,-0.1045493329347091
47.0,3.0,-0.1979593939605789
47.0,5.0,-0.34328157668327036
47.0,7.0,-0.9753429093110693
47.0,9.0,-0.9144292119245768
47.0,11.0,-0.9615958472859991
47.0,13.0,-1.1548076444292976
47.0,15.0,-0.6356122082416776
47.0,17.0,-0.2712568025124324
47.0,19.0,-0.24822439975195082
47.0,21.0,-0.3433753015703966
47.0,23.0,-0.807779848204
47.0,25.0,-0.8108661412255181
47.0,27.0,-0.4766639028071041
47.0,29.0,-0.3471370869673047
47.0,31.0,-0.31065236639769384
47.0,33.0,-0.468038724856483
47.0,39.0,-0.7126671813952471
47.0,41.0,-0.6907341752857844
47.0,43.0,-0.5619287704838417
47.0,45.0,-0.4891195805418882
47.0,47.0,-0.5258419314673219
47.0,49.0,-0.42108638419634364
47.0,55.0,-0.9651416807902343
47.0,57.0,-1.1338906029400668
47.0,59.0,-1.311032816735224
47.0,63.0,-1.0921935330649046
47.0,65.0,-0.9578818862524728
47.0,67.0,-0.8662049297877384
47.0,69.0,-0.7253045858261249
47.0,71.0,-0.6856368824434724
47.0,73.0,-0.5024478652058262
47.0,77.0,-0.5847482570142816
47.0,79.0,-0.574946828706908
47.0,81.0,-0.4257535898226222
47.0,83.0,-0.029346229064309656
47.0,85.0,0.1973723176416388
47.0,87.0,0.22478105660516548
47.0,89.0,0.09668890939011013
47.0,91.0,-0.09315453025625654
47.0,93.0,-0.04255007037048868
47.0,95.0,0.0675066578078949
47.0,97.0,0.08770799255405887
47.0,99.0,-0.06256178649864329
47.0,101.0,-0.2960564881412329
47.0,103.0,-0.25322634633965135
47.0,105.0,-0.13148230354256357
47.0,107.0,-0.18225293416381916
47.0,109.0,-0.37507333742227417
47.0,111.0,-0.29918152678347154
47.0,113.0,-0.13913415597009154
47.0,115.0,-0.3461756558720798
47.0,117.0,-0.2726640234108622
47.0,119.0,-0.2893137100740736
47.0,121.0,-0.2072971086267467
47.0,123.0,-0.11961834856724747
47.0,125.0,-0.18682712190273956
47.0,127.0,-0.03369900846581635
47.0,129.0,0.055061676469677696
47.0,131.0,-0.0011486808337040784
47.0,133.0,-0.2999905110568227
47.0,135.0,-0.29781442113707074
47.0,137.0,-0.20166304021297876
49.0,-121.0,-0.9982923877745009
49.0,-119.0,-0.9124352529328057
49.0,-117.0,-0.6308083764087761
49.0,-115.0,-0.7306420510373685
49.0,-113.0,-0.5941873742413465
49.0,-111.0,-0.3161329944035573
49.0,-109.0,-0.2635684152250314
49.0,-107.0,-0.18412273697724518
49.0,-105.0,-0.3515324059494016
49.0,-103.0,-0.2721535938307864
49.0,-101.0,-0.1926207140115282
49.0,-99.0,-0.1760314661208956
49.0,-97.0,-0.17384332848668857
49.0,-95.0,-0.3056306291102
49.0,-93.0,-0.34311812293719546
49.0,-91.0,-0.3324943965885767
49.0,-85.0,-0.4706104910156853
49.0,-83.0,-0.5024504828185329
49.0,-81.0,-0.5226793081769343
49.0,-79.0,-0.527502335765508
49.0,-77.0,-0.4937874037892893
49.0,-75.0,-0.3700097968133827
49.0,-73.0,-0.21552742651493045
49.0,-71.0,-0.23397846958025229
49.0,-69.0,-0.3699685886738072
49.0,-57.0,-1.1613263681198314
49.0,1.0,-0.15144273529898272
49.0,3.0,-0.24671763684137413
49.0,5.0,-0.275675338374496
49.0,7.0,-0.2940617911791778
49.0,9.0,-0.5440327118741861
49.0,11.0,-0.621005740046104
49.0,13.0,-0.7498041949790376
49.0,15.0,-0.5781997647188205
49.0,17.0,-0.5947281630806359
49.0,19.0,-0.6794278566417528
49.0,21.0,-0.7573049085110991
49.0,23.0,-0.8507841211179433
49.0,25.0,-0.8215293556361611
49.0,27.0,-0.47632282730229397
49.0,29.0,-0.5289140419241491
49.0,31.0,-0.5661026807654256
49.0,33.0,-0.7104985825915905
49.0,35.0,-0.9490256405845433
49.0,37.0,-0.8666796525307909
49.0,39.0,-0.8887774648234182
49.0,41.0,-1.0448955956434378
49.0,43.0,-1.2969295960990583
49.0,45.0,-1.3825095825196847
49.0,47.0,-1.391026579606434
49.0,49.0,-1.3222470334664438
49.0,51.0,-1.4505953419547666
49.0,53.0,-1.5046200278766297
49.0,55.0,-1.6851567759532982
49.0,57.0,-1.4580567079118767
49.0,59.0,-1.2902659285506493
49.0,61.0,-1.3372352631720867
49.0,63.0,-1.3300484545715638
49.0,65.0,-1.142742276527194
49.0,67.0,-0.8659961114269588
49.0,69.0,-0.6087461517333431
49.0,71.0,-0.4320218362897748
49.0,73.0,-0.24611717468082303
49.0,75.0,-0.14803021855484955
49.0,77.0,-0.18139235962395828
49.0,79.0,-0.3434757126578971
49.0,81.0,-0.2474952141520216
49.0,83.0,0.1318593211216292
49.0,85.0,0.2112344083499602
49.0,87.0,0.10096483581505944
49.0,89.0,0.048805818821826004
49.0,91.0,0.03431199896013188
49.0,93.0,-0.07003931901758158
49.0,95.0,0.06998661855687978
49.0,97.0,0.08128288557371365
49.0,99.0,0.030491918499101413
49.0,101.0,-0.36210396073931234
49.0,103.0,-0.36095631438471654
49.0,105.0,-0.3175418087256181
49.0,107.0,-0.24576584970243556
49.0,109.0,-0.15939615551899625
49.0,111.0,-0.2503727126080342
49.0,113.0,-0.314747909271568
49.0,115.0,-0.06972313037505054
49.0,117.0,0.03901102622033967
49.0,119.0,0.15418344868211825
49.0,121.0,0.09008019796367278
49.0,123.0,0.06893468044283896
49.0,125.0,0.1311639899361305
49.0,127.0,0.08504478066851773
49.0,129.0,0.1173646021054736
49.0,131.0,0.18059661531715893
49.0,133.0,0.0911449750035311
49.0,135.0,-0.007803321225509383
49.0,137.0,0.04295604543747875
49.0,139.0,-0.09964676506928984
51.0,-127.0,-0.6630517530010817
51.0,-125.0,-0.6301274368299806
51.0,-123.0,-0.46953461487277687
51.0,-121.0,-0.35332492079375316
51.0,-119.0,-0.3117617270395716
51.0,-117.0,-0.1305577376011417
51.0,-115.0,-0.08807631782278737
51.0,-113.0,-0.15487600848400088
51.0,-111.0,-0.3001333806379239
51.0,-109.0,-0.19212607125337877
51.0,-107.0,-0.2582374278401478
51.0,-105.0,-0.3949365067382922
51.0,-103.0,-0.31476991577603963
51.0,-101.0,-0.15638692641740395
51.0,-99.0,-0.07378984994096537
51.0,-95.0,-0.21070312442513248
51.0,-93.0,-0.18671586750395425
51.0,-91.0,-0.149847232798219
51.0,-89.0,-0.1500977953255066
51.0,-87.0,-0.18072256398071276
51.0,-85.0,-0.21705710928536054
51.0,-83.0,-0.33958145399686096
51.0,-81.0,-0.4904880573178368
51.0,-77.0,-0.27259480665431574
51.0,-75.0,-0.11608866036791751
51.0,-73.0,-0.06289502065038154
51.0,-71.0,-0.042939340861064594
51.0,-69.0,0.0005341751672875932
51.0,-67.0,-0.06483798080251309
51.0,-65.0,-0.23522103293943147
51.0,-63.0,-0.39645773327007033
51.0,-61.0,-0.564315478317376
51.0,5.0,-0.34702760174124125
51.0,7.0,-0.3872507879451911
51.0,9.0,-0.3490609507350902
51.0,11.0,-0.43098256448245703
51.0,13.0,-0.4270121635540613
51.0,15.0,-0.4998283448018688
51.0,17.0,-0.5586155824870112
51.0,19.0,-0.5544086897205566
51.0,21.0,-0.5600882412088336
51.0,23.0,-0.4542230468645641
51.0,25.0,-0.47846269904695693
51.0,27.0,-0.5435781063709719
51.0,29.0,-0.7109339948375133
51.0,31.0,-1.0758973747391456
51.0,33.0,-1.441734633889277
51.0,35.0,-1.4879758657190931
51.0,37.0,-1.6146198193006867
51.0,39.0,-1.6196838452929954
51.0,41.0,-1.667243134467236
51.0,43.0,-1.8674048576170892
51.0,45.0,-2.1487650956332605
51.0,47.0,-2.0978017920513228
51.0,49.0,-1.9492689953672317
51.0,51.0,-1.860442555807275
51.0,53.0,-1.6619526770807864
51.0,55.0,-1.2255634376100617
51.0,57.0,-0.8857975435168778
51.0,59.0,-0.680118944504263
51.0,61.0,-0.7848819325166132
51.0,63.0,-0.9548161435228599
51.0,65.0,-0.8832866449520803
51.0,67.0,-0.6889100345710758
51.0,69.0,-0.5567933291259819
51.0,71.0,-0.34208955737570074
51.0,73.0,-0.30888291018163394
51.0,75.0,-0.19474047370265107
51.0,77.0,-0.3436400155174187
51.0,79.0,-0.44528074737576784
51.0,81.0,-0.29150864260085085
51.0,83.0,0.017982076708011233
51.0,85.0,0.16780004756476524
51.0,87.0,0.15474626071185715
51.0,89.0,0.09286234180116514
51.0,91.0,0.008456919844268272
51.0,95.0,0.12232520867080772
51.0,97.0,0.07894853872721043
51.0,99.0,0.05758698045200354
51.0,101.0,-0.039645256153558565
51.0,103.0,-0.3272106019608071
51.0,105.0,-0.32629158021453303
51.0,107.0,-0.15246962469722375
51.0,109.0,-0.14731265619321174
51.0,111.0,-0.08919720937061387
51.0,113.0,0.09983039302771561
51.0,115.0,0.26327173150634287
51.0,117.0,0.21067691745686623
51.0,119.0,0.16609938059338422
51.0,121.0,0.0025262957444350306
51.0,123.0,0.05628505240259069
51.0,125.0,0.14398270199658805
51.0,127.0,0.12516262445244203
51.0,129.0,0.0838763294126635
51.0,131.0,0.06253076829654111
51.0,133.0,0.02831269038553057
51.0,135.0,0.058281947824904506
51.0,137.0,0.02493585613168835
51.0,139.0,-0.014447601614857171
53.0,-127.0,-0.666018214879053
53.0,-125.0,-0.48571616429058756
53.0,-123.0,-0.4020854637693472
53.0,-121.0,-0.30429849486506383
53.0,-119.0,-0.2473672897046718
53.0,-117.0,-0.23923387162145965
53.0,-115.0,-0.3249541382975036
53.0,-113.0,-0.26590383626125075
53.0,-111.0,-0.3422684321516412
53.0,-109.0,-0.3535787049518075
53.0,-107.0,-0.39824697364940814
53.0,-105.0,-0.2993690586931583
53.0,-103.0,-0.16259352307969974
53.0,-95.0,-0.032615374021729815
53.0,-93.0,-0.07493595871133742
53.0,-91.0,-0.0948031081691273
53.0,-89.0,-0.14230450689915514
53.0,-87.0,-0.08992096724554387
53.0,-85.0,-0.13646589741261234
53.0,-83.0,-0.19604993375776825
53.0,-77.0,-0.04211310815927485
53.0,-75.0,0.06009136612006318
53.0,-73.0,0.07443677770317461
53.0,-71.0,0.0804408743449449
53.0,-69.0,0.08163050278219684
53.0,-67.0,0.07188602361360295
53.0,-65.0,0.022376861724739096
53.0,-63.0,-0.10074935222458534
53.0,-61.0,-0.16519444303247874
53.0,-59.0,-0.26657584981835736
53.0,-57.0,-0.5622814323906296
53.0,-9.0,-0.3132556056426516
53.0,-7.0,-0.13722363645438226
53.0,-1.0,-0.17118665710320802
53.0,9.0,-0.48713549250969135
53.0,11.0,-0.4654346892819514
53.0,13.0,-0.43280482611718357
53.0,15.0,-0.4327856564039566
53.0,17.0,-0.42890400855567107
53.0,19.0,-0.40861404647062777
53.0,21.0,-0.4770193747744827
53.0,23.0,-0.7375675464822842
53.0,25.0,-1.1348587992684727
53.0,27.0,-1.2584430595266298
53.0,29.0,-1.5161379308972125
53.0,31.0,-1.8083433555462605
53.0,33.0,-1.9138825913031952
53.0,35.0,-1.8859822345931627
53.0,37.0,-1.9113415899566981
53.0,39.0,-1.9152467021477102
53.0,41.0,-1.910646707679941
53.0,43.0,-1.8838430034037363
53.0,45.0,-1.775069105519952
53.0,47.0,-1.6562412057239593
53.0,49.0,-1.5705755068854954
53.0,51.0,-1.390566207072367
53.0,53.0,-0.908331296101042
53.0,55.0,-0.4947609958144175
53.0,57.0,-0.3089095816506921
53.0,59.0,-0.2911540549367074
53.0,61.0,-0.3340347355730453
53.0,63.0,-0.49395980323162403
53.0,65.0,-0.5951915447166378
53.0,67.0,-0.5141340065002101
53.0,69.0,-0.4403270932524317
53.0,71.0,-0.4635798468151547
53.0,73.0,-0.4481081557346544
53.0,75.0,-0.3931572172184985
53.0,77.0,-0.29884494283045254
53.0,79.0,-0.20785803251279858
53.0,81.0,-0.07526915253427076
53.0,83.0,-0.06813263772073516
53.0,85.0,-0.00017273029647376067
53.0,87.0,0.006207583541528661
53.0,89.0,-0.005388947639462791
53.0,91.0,-0.05115786064992041
53.0,93.0,0.04899528526756749
53.0,95.0,0.14602146866499
53.0,97.0,0.12253410561743722
53.0,99.0,0.07271282509608192
53.0,101.0,-0.03804322968765351
53.0,103.0,-0.22182920431459785
53.0,105.0,-0.17781664970214697
53.0,111.0,0.1332549250450702
53.0,113.0,0.10147038759663801
53.0,115.0,0.09607418601514665
53.0,117.0,0.12162871807385602
53.0,119.0,0.16520814882130566
53.0,121.0,0.045932315910431745
53.0,123.0,0.03523157593984204
53.0,125.0,0.14597554168744298
53.0,127.0,0.0938954905761236
53.0,129.0,0.16281395259266274
53.0,131.0,0.0705609834974234
53.0,133.0,0.07922770761397732
53.0,135.0,0.039278526898910544
53.0,137.0,-0.01420671715940881
53.0,139.0,-0.13349362790681987
53.0,157.0,-0.25012428371135714
55.0,-129.0,-0.659035467968398
55.0,-127.0,-0.44328834936849665
55.0,-125.0,-0.4103187883629408
55.0,-123.0,-0.4157192122241023
55.0,-121.0,-0.5396004472726348
55.0,-119.0,-0.5840089212718453
55.0,-117.0,-0.6397632237911921
55.0,-115.0,-0.6193241142549734
55.0,-113.0,-0.6409587667088775
55.0,-111.0,-0.6843405571771473
55.0,-109.0,-0.5993828216584622
55.0,-107.0,-0.43233735311503235
55.0,-105.0,-0.3169112142039143
55.0,-103.0,-0.11771722524112836
55.0,-101.0,-0.06888036616486655
55.0,-99.0,-0.09529871196694012
55.0,-97.0,-0.10314052443756218
55.0,-95.0,-0.10151922112579942
55.0,-93.0,-0.11197062334507941
55.0,-91.0,-0.10818916685453046
55.0,-89.0,-0.08923757283935375
55.0,-77.0,0.07779290220592967
55.0,-75.0,0.1253634961456781
55.0,-73.0,0.15163957837423145
55.0,-71.0,0.1773262099768276
55.0,-69.0,0.12296880945493055
55.0,-67.0,0.06858010881618787
55.0,-65.0,0.0895100002819196
55.0,-63.0,0.030311539499506622
55.0,-3.0,-0.2860136912482227
55.0,23.0,-1.1776829855586055
55.0,25.0,-1.4134225340809665
55.0,27.0,-1.5566994370147746
55.0,29.0,-1.6919903979474555
55.0,31.0,-1.7282860515386298
55.0,33.0,-1.7242096478898985
55.0,35.0,-1.698484428773034
55.0,37.0,-1.7964276448399856
55.0,39.0,-1.8149689366594395
55.0,41.0,-1.6826420074933166
55.0,43.0,-1.5796287978654164
55.0,45.0,-1.2505408354075513
55.0,47.0,-1.143299919420209
55.0,49.0,-0.8795626966328097
55.0,51.0,-0.7108715162288348
55.0,53.0,-0.505304204193541
55.0,55.0,-0.3228086196719765
55.0,57.0,-0.16229148376195404
55.0,59.0,-0.04751161514402514
55.0,61.0,-0.09547206067309869
55.0,63.0,-0.3045581026027274
55.0,65.0,-0.4405643376002084
55.0,67.0,-0.4984316591962129
55.0,69.0,-0.4955006407516375
55.0,71.0,-0.37777048348127756
55.0,73.0,-0.28496238594133944
55.0,75.0,-0.2287348634892103
55.0,77.0,-0.1627808556404664
55.0,79.0,-0.09432003281702865
55.0,81.0,-0.07238564672583923
55.0,83.0,-0.038987925501150475
55.0,85.0,-0.010367303532202278
55.0,87.0,0.033384207637490955
55.0,89.0,0.0024379735966299624
55.0,91.0,-0.02758778372525368
55.0,93.0,0.00495065338101425
55.0,95.0,0.02500231613178713
55.0,97.0,-0.0008904561545992642
55.0,99.0,-0.029539280419234835
55.0,101.0,-0.12368634086409526
55.0,103.0,-0.06449396734789997
55.0,105.0,0.024821132475374465
55.0,107.0,0.0632971328871145
55.0,111.0,0.12594687594532708
55.0,113.0,0.07561937713860266
55.0,115.0,0.004364012795811778
55.0,117.0,0.02764228933051445
55.0,119.0,0.1520182314016287
55.0,121.0,0.2258943138968306
55.0,123.0,0.20457577400414048
55.0,125.0,0.19014952174246513
55.0,127.0,0.15640843211281663
55.0,129.0,0.14107111566956118
55.0,131.0,-0.007522136183716928
55.0,133.0,-0.08754353351952616
55.0,135.0,-0.07321402274945753
55.0,157.0,-0.11010458719600501
55.0,159.0,-0.11652783184018577
57.0,-131.0,-0.4724042104819615
57.0,-129.0,-0.24009970906447498
57.0,-127.0,-0.08445443793955075
57.0,-125.0,-0.08467429450212344
57.0,-123.0,-0.2240428296620325
57.0,-121.0,-0.3714237421823722
57.0,-119.0,-0.47431374815700716
57.0,-117.0,-0.3718673201509967
57.0,-115.0,-0.30699111310963223
57.0,-113.0,-0.360623029995169
57.0,-111.0,-0.2906355372430295
57.0,-109.0,-0.17744060037036843
57.0,-107.0,-0.16977998197990887
57.0,-105.0,-0.1081234011218906
57.0,-101.0,-0.08349835460011058
57.0,-99.0,-0.07569936350269477
57.0,-97.0,-0.03332654016025207
57.0,-95.0,-0.02343213355425743
57.0,-75.0,0.1373127774789398
57.0,-73.0,0.16144263030744868
57.0,-71.0,0.16378089361571208
57.0,-69.0,0.1268727403119865
57.0,-67.0,0.15729464048964273
57.0,-65.0,0.14180486595900002
57.0,-63.0,0.007338461742603223
57.0,-5.0,-0.36007915249389394
57.0,-3.0,-0.502885990140819
57.0,15.0,-0.7436450208797439
57.0,27.0,-1.857987635498425
57.0,29.0,-1.8847954968642318
57.0,31.0,-1.7199846345208967
57.0,33.0,-1.4679614844880327
57.0,35.0,-1.2999961832089202
57.0,37.0,-1.313272872644253
57.0,39.0,-1.3033654397428456
57.0,41.0,-1.1701748301942394
57.0,43.0,-0.9891669556860075
57.0,45.0,-0.8944008444077066
57.0,47.0,-0.7629853384662278
57.0,49.0,-0.4825941053798691
57.0,51.0,-0.3534771646271261
57.0,53.0,-0.24435506298478263
57.0,55.0,-0.18344662232143427
57.0,57.0,-0.13029867405676976
57.0,59.0,-0.1281855643569269
57.0,61.0,-0.13687624427045636
57.0,63.0,-0.14024113593498178
57.0,65.0,-0.2332174819340473
57.0,67.0,-0.26186131459280504
57.0,69.0,-0.27022776502067913
57.0,71.0,-0.22272836310951727
57.0,73.0,-0.18282569479727198
57.0,75.0,-0.09166121335677024
57.0,77.0,-0.1360169632145559
57.0,79.0,-0.14124937618178
57.0,81.0,-0.12047253497373496
57.0,83.0,-0.1539029186993752
57.0,85.0,-0.1550718696527453
57.0,87.0,-0.1557950876397306
57.0,89.0,-0.14366807408208984
57.0,91.0,-0.09469732568075556
57.0,93.0,-0.09422284974021888
57.0,95.0,-0.08939686969704447
57.0,97.0,-0.0946866074964369
57.0,99.0,-0.09573168897527458
57.0,101.0,-0.055810797445476054
57.0,103.0,-0.03646670887531586
57.0,105.0,0.004664924042321632
57.0,107.0,0.03920944544582994
57.0,109.0,0.08369282515719921
57.0,111.0,0.11648935408169113
57.0,113.0,0.15496123738050413
57.0,115.0,0.1316879625768848
57.0,117.0,0.1486092297610525
57.0,119.0,0.12240405662779978
57.0,121.0,0.15195558866357445
57.0,123.0,0.15428964117989177
57.0,125.0,0.16914149217646857
57.0,127.0,0.14459352394425481
57.0,129.0,0.10075322815689149
57.0,131.0,0.04499749478561066
57.0,133.0,-0.018657309805051744
57.0,135.0,-0.11053714957535474
57.0,137.0,-0.2723539606642726
57.0,159.0,-0.14973531031344633
57.0,161.0,-0.16964797940713175
59.0,-135.0,-0.4752528622065565
59.0,-133.0,-0.33335332165749937
59.0,-131.0,-0.21853204668639964
59.0,-129.0,-0.14487973259295178
59.0,-127.0,-0.1275127589492414
59.0,-125.0,-0.15359180387771731
59.0,-123.0,-0.23683143899622702
59.0,-121.0,-0.3171302673255987
59.0,-119.0,-0.3860609504288798
59.0,-117.0,-0.29354124659311376
59.0,-115.0,-0.2552801014681
59.0,-113.0,-0.3005112460187446
59.0,-111.0,-0.19167663701719892
59.0,-107.0,-0.05895204107483351
59.0,-105.0,-0.050605946999235374
59.0,-103.0,-0.060997750623948625
59.0,-101.0,-0.08261279646105847
59.0,-99.0,-0.0839956622616897
59.0,-97.0,-0.15945580726825043
59.0,-77.0,-0.009086054341027317
59.0,-75.0,0.05605213606708408
59.0,-73.0,0.08341391454902722
59.0,-71.0,0.05887494100769104
59.0,7.0,-0.672787823350964
59.0,13.0,-1.1018347137690498
59.0,15.0,-1.0816160933123007
59.0,29.0,-1.7136609424133094
59.0,31.0,-1.4406897422878182
59.0,33.0,-1.1859997693862234
59.0,35.0,-0.9103557080104033
59.0,37.0,-0.7798321597217569
59.0,41.0,-0.6776194624438164
59.0,43.0,-0.5939592174745072
59.0,45.0,-0.531550205060631
59.0,47.0,-0.36523145124593853
59.0,49.0,-0.24196681780893795
59.0,51.0,-0.1875227390188112
59.0,53.0,-0.15180493514964394
59.0,55.0,-0.13097737656862724
59.0,57.0,-0.08097051923859983
59.0,59.0,-0.08962708215368426
59.0,61.0,-0.23115942762454164
59.0,63.0,-0.26167331120622167
59.0,65.0,-0.2545053865274794
59.0,67.0,-0.22821328523549259
59.0,69.0,-0.20374634408767073
59.0,71.0,-0.15580163845083408
59.0,73.0,-0.1358783393390328
59.0,75.0,-0.06433415174139126
59.0,77.0,-0.04973139343373403
59.0,79.0,-0.0867516535137506
59.0,81.0,-0.15175609017059233
59.0,83.0,-0.11569582734451979
59.0,85.0,-0.09699948074174877
59.0,87.0,-0.060855378170008675
59.0,89.0,-0.011417862428893515
59.0,91.0,0.039218657432805386
59.0,93.0,0.0813937247453352
59.0,95.0,0.07200146131648168
59.0,97.0,0.03669232656977348
59.0,99.0,0.03146774657786091
59.0,101.0,0.03908578850754464
59.0,103.0,0.039782716874682364
59.0,105.0,0.09546163022791208
59.0,107.0,0.07570018675791239
59.0,109.0,0.11099093041360392
59.0,111.0,0.15039932155659955
59.0,113.0,0.16796127993521012
59.0,115.0,0.23326435442260934
59.0,117.0,0.23112473781209875
59.0,119.0,0.23226474538180514
59.0,121.0,0.22513406606468675
59.0,123.0,0.2668943463935905
59.0,125.0,0.3025168165451029
59.0,127.0,0.27961360731496726
59.0,129.0,0.18439977970042448
59.0,131.0,0.10521300465429416
59.0,133.0,0.04946498194729807
59.0,135.0,0.05561705100370633
59.0,137.0,0.019840168893307166
59.0,139.0,-0.07945842804235727
61.0,-163.0,-0.9490195027729711
61.0,-161.0,-0.8881217634004765
61.0,-159.0,-0.7695836082427447
61.0,-157.0,-0.7325341682669794
61.0,-155.0,-0.36035903069423025
61.0,-153.0,-0.33722566683929883
61.0,-151.0,-0.6022105576813925
61.0,-149.0,-0.5840597498075492
61.0,-145.0,-0.3710894504608811
61.0,-143.0,-0.21449519957693503
61.0,-141.0,-0.23638514627809767
61.0,-139.0,-0.3898346017696758
61.0,-137.0,-0.14045119991667787
61.0,-135.0,-0.18402641677563122
61.0,-133.0,-0.1498900294510165
61.0,-131.0,-0.15690650985977422
61.0,-129.0,-0.1375087848012916
61.0,-127.0,-0.147915571943267
61.0,-125.0,-0.12647500615233123
61.0,-123.0,-0.15044078027313382
61.0,-121.0,-0.12744826714738633
61.0,-119.0,-0.1556811481646161
61.0,-117.0,-0.17694250165593872
61.0,-111.0,-0.15955665094637725
61.0,-109.0,-0.037859627358487996
61.0,-107.0,0.04978793038942694
61.0,-105.0,0.13379221155046458
61.0,-103.0,0.11462321274161053
61.0,-101.0,0.09262916919377746
61.0,-99.0,0.05674484222022416
61.0,-97.0,0.015441035563318382
61.0,-95.0,-0.11904833846304323
61.0,-77.0,-0.008547084061263482
61.0,-75.0,0.036726816849883666
61.0,-73.0,0.06391846719622515
61.0,7.0,-0.5966200773857252
61.0,9.0,-0.3020914989592468
61.0,11.0,-0.38874082778669766
61.0,13.0,-0.5702773606018134
61.0,15.0,-0.7643475879495124
61.0,23.0,-1.3940293271532893
61.0,25.0,-1.1305180318280685
61.0,27.0,-1.0300478202180325
61.0,37.0,-0.5456865380991561
61.0,39.0,-0.45231863186881577
61.0,41.0,-0.419996238610698
61.0,43.0,-0.3455301200267551
61.0,45.0,-0.29555974057738194
61.0,47.0,-0.16787988092181674
61.0,49.0,-0.10537808150518836
61.0,51.0,-0.07783918303021914
61.0,53.0,-0.1382819584822761
61.0,55.0,-0.13483184399310041
61.0,57.0,-0.03048786889124601
61.0,59.0,-0.0018196856767128727
61.0,61.0,-0.07168851773299237
61.0,63.0,-0.11111523315083219
61.0,65.0,-0.03795976630888164
61.0,67.0,-0.009915076388557759
61.0,69.0,-0.03921150942583809
61.0,71.0,-0.07143723443814531
61.0,73.0,-0.037281063635438406
61.0,75.0,-0.07966434944993384
61.0,77.0,-0.039815860203368914
61.0,79.0,0.0022175869567416444
61.0,81.0,-0.003782901053898467
61.0,83.0,0.001960230022020201
61.0,85.0,-0.0027622599522709383
61.0,87.0,0.009381439803329632
61.0,89.0,0.024039294881317393
61.0,91.0,0.03755348929911825
61.0,93.0,0.05205570758793233
61.0,95.0,0.0531656363839872
61.0,97.0,0.04661096939239646
61.0,99.0,0.08183830315584527
61.0,101.0,0.09082675548471521
61.0,103.0,0.10050805368877608
61.0,105.0,0.1236815541859963
61.0,107.0,0.16099454012041955
61.0,109.0,0.18144672791187783
61.0,111.0,0.24412509078086356
61.0,113.0,0.3012978762209673
61.0,115.0,0.3050699702417106
61.0,117.0,0.30528946539963325
61.0,119.0,0.3430084112053478
61.0,121.0,0.32349615728869485
61.0,123.0,0.36809216389474564
61.0,125.0,0.35719426881552907
61.0,127.0,0.3398420085166485
61.0,129.0,0.25412554541024446
61.0,131.0,0.1825706322510139
61.0,133.0,0.1776337973765396
61.0,135.0,0.22647276458270857
61.0,137.0,0.18655797750791628
61.0,139.0,0.12391701666218725
61.0,141.0,0.1338876493499167
61.0,143.0,0.12918103155813712
61.0,145.0,0.08473050443602606
61.0,147.0,0.09060768147957116
61.0,149.0,0.09404481699638242
61.0,151.0,0.04560620103113436
61.0,153.0,0.08938924826501715
61.0,155.0,0.09831609434241201
61.0,165.0,-0.09390398259424905
63.0,-159.0,-0.4311617895700227
63.0,-157.0,-0.45112616159481594
63.0,-155.0,-0.19939801332265936
63.0,-153.0,-0.09708547105153399
63.0,-151.0,-0.062478836530243116
63.0,-149.0,-0.0548564715997675
63.0,-147.0,-0.027856271425465044
63.0,-145.0,-0.015638517409178147
63.0,-143.0,-0.09140475871114356
63.0,-141.0,-0.0608158421355733
63.0,-139.0,-0.006084756950826348
63.0,-137.0,-0.01835983898094802
63.0,-135.0,-0.03866904495491755
63.0,-133.0,-0.036095847703342204
63.0,-131.0,-0.029399497095789626
63.0,-129.0,-0.03399736424057984
63.0,-127.0,0.006012126409894302
63.0,-125.0,0.037852531082759974
63.0,-123.0,0.029316902917645882
63.0,-121.0,-0.02539167941421899
63.0,-119.0,-0.0004400680817874763
63.0,-117.0,0.0077707686003336855
63.0,-115.0,0.018111785995494453
63.0,-113.0,0.026307850204234273
63.0,-111.0,0.04626324996875759
63.0,-109.0,0.08670320669617046
63.0,-107.0,0.1397416907661514
63.0,-105.0,0.1726318294159252
63.0,-103.0,0.1652829413233983
63.0,-101.0,0.10577158296087917
63.0,-99.0,0.08551056796287257
63.0,-97.0,0.1187223605426476
63.0,-95.0,0.12424631076032801
63.0,11.0,-0.4895372595642764
63.0,13.0,-0.3438200587680961
63.0,15.0,-0.31081545168244723
63.0,17.0,-0.6498197854336738
63.0,25.0,-0.8387559391981
63.0,27.0,-0.6532452533744336
63.0,29.0,-0.5862567738203017
63.0,31.0,-0.43699878749056803
63.0,33.0,-0.44303546334694244
63.0,35.0,-0.4010022692129207
63.0,37.0,-0.3183970231338187
63.0,39.0,-0.30708872991540875
63.0,41.0,-0.2638789719689858
63.0,43.0,-0.1942668983487258
63.0,45.0,-0.1111598652442115
63.0,47.0,-0.05300626620352647
63.0,49.0,-0.02825433019649378
63.0,51.0,-0.06494148126250082
63.0,53.0,-0.050612106881988556
63.0,55.0,-0.022534998964115562
63.0,57.0,0.033354552920841336
63.0,59.0,0.08162838367562532
63.0,61.0,0.050397891147477454
63.0,63.0,0.02150929850723242
63.0,65.0,0.09250602559712391
63.0,67.0,0.11518603962327396
63.0,69.0,0.0859830761836376
63.0,71.0,0.05256979296841901
63.0,73.0,0.034820220724847244
63.0,75.0,0.053562709561489716
63.0,77.0,0.029662825943314066
63.0,79.0,0.051052976382567346
63.0,81.0,0.050959524939755065
63.0,83.0,0.007700467480935543
63.0,85.0,0.010575919536565871
63.0,87.0,0.006926195190626387
63.0,89.0,0.03772065447536554
63.0,91.0,0.03605405371602539
63.0,93.0,0.04229594771234084
63.0,95.0,0.035875282400585545
63.0,97.0,0.07502533642082515
63.0,99.0,0.062130846282466234
63.0,101.0,0.09110267354919242
63.0,103.0,0.11938791942000487
63.0,105.0,0.1576988379025215
63.0,107.0,0.1856220059745503
63.0,109.0,0.20720978945669188
63.0,111.0,0.23428186566950837
63.0,113.0,0.2480313196383622
63.0,115.0,0.3551260589422594
63.0,117.0,0.3384109001780936
63.0,119.0,0.2683028025368854
63.0,121.0,0.27297480956824677
63.0,123.0,0.3149265474024447
63.0,125.0,0.3132740090294818
63.0,127.0,0.37654123456774435
63.0,129.0,0.38843721990727437
63.0,131.0,0.2624966834738568
63.0,133.0,0.30949125050011844
63.0,135.0,0.3479776644020547
63.0,137.0,0.2776016867558426
63.0,139.0,0.2592034417078132
63.0,141.0,0.3098331437859915
63.0,143.0,0.2500555447382034
63.0,145.0,0.19758737946770033
63.0,147.0,0.1734992803922232
63.0,149.0,0.14989823747646058
63.0,151.0,0.15570232805649994
63.0,153.0,0.2282417230008421
63.0,155.0,0.2155860684951645
63.0,157.0,0.21232873754815926
63.0,159.0,0.2350967192597751
63.0,161.0,0.21232617334962586
63.0,163.0,0.1985474528767882
63.0,167.0,0.21692037050127855
63.0,169.0,0.18992692277985626
63.0,171.0,0.1508447626853677
63.0,173.0,0.11745496992901733
63.0,175.0,0.05130706051730049
65.0,-159.0,-0.16592165942363993
65.0,-157.0,-0.19730346497860307
65.0,-155.0,-0.188990857446392
65.0,-153.0,-0.1499483687890493
65.0,-151.0,-0.12624216887452114
65.0,-149.0,-0.0777311391930758
65.0,-147.0,-0.03253847665481954
65.0,-145.0,0.027456725465755682
65.0,-143.0,0.03563973444806337
65.0,-141.0,0.046266835372604426
65.0,-139.0,0.015500142761826059
65.0,-137.0,-0.007059377625457638
65.0,-135.0,0.017111677021084463
65.0,-133.0,0.0060718878240097725
65.0,-131.0,0.00634125822834771
65.0,-129.0,-0.007428594502447897
65.0,-127.0,-0.032812720655498555
65.0,-125.0,-0.04783646086365803
65.0,-119.0,-0.04474279266613668
65.0,-117.0,-0.0098213317416313
65.0,-115.0,-0.009823411307191781
65.0,-113.0,0.02968801949741586
65.0,-111.0,0.06716329608296605
65.0,-109.0,0.04509773205138194
65.0,-107.0,0.03839314181589225
65.0,-105.0,0.04409189176237965
65.0,-103.0,0.06330566450258973
65.0,-101.0,0.03225597020112905
65.0,-99.0,0.041826335305079426
65.0,-97.0,0.09896289648307577
65.0,-95.0,0.13315061778883333
65.0,-93.0,0.11421477884926062
65.0,-91.0,0.1088712192299117
65.0,-71.0,-0.04201337432050007
65.0,-69.0,-0.015165745918465739
65.0,-21.0,-0.3262952676566713
65.0,-19.0,-0.3552348947927271
65.0,-17.0,-0.5175202861371448
65.0,-15.0,-0.7263094154866234
65.0,13.0,-0.8142890648264594
65.0,15.0,-0.41094530125908935
65.0,17.0,-0.20539546402876183
65.0,19.0,-0.2447827194433225
65.0,27.0,-0.3940399980692925
65.0,29.0,-0.264412442533641
65.0,31.0,-0.1796741632227688
65.0,33.0,-0.2113266787815389
65.0,41.0,-0.19100011599619515
65.0,43.0,-0.13956880265641908
65.0,45.0,-0.09150904624075086
65.0,47.0,-0.0350150407380003
65.0,49.0,-0.01909769060726802
65.0,51.0,-0.021887155235110565
65.0,53.0,-0.047146269357338656
65.0,55.0,-0.07086896944776729
65.0,57.0,-0.039303623434044484
65.0,59.0,0.05755685250904936
65.0,61.0,0.09558500425983286
65.0,63.0,0.12089876889232475
65.0,65.0,0.14257455663079593
65.0,67.0,0.16045383315509054
65.0,69.0,0.1579251515936271
65.0,71.0,0.17725996585032372
65.0,73.0,0.1589426438882437
65.0,75.0,0.15665134688320703
65.0,77.0,0.12426596126584584
65.0,79.0,0.15885287821740593
65.0,81.0,0.12234598327174741
65.0,83.0,0.11889847941134968
65.0,85.0,0.11416023741060816
65.0,87.0,0.09957318387637591
65.0,89.0,0.1153782974655757
65.0,91.0,0.10010431812579824
65.0,93.0,0.11444317525844752
65.0,95.0,0.11465566075390182
65.0,97.0,0.12822963536725104
65.0,99.0,0.14690770748550777
65.0,101.0,0.1259949814813805
65.0,103.0,0.14974781018530647
65.0,105.0,0.21049249094046465
65.0,107.0,0.21734388700537277
65.0,109.0,0.19515636275653706
65.0,111.0,0.17385942747071376
65.0,113.0,0.19234592334157516
65.0,115.0,0.27239201052452217
65.0,117.0,0.26666401294053615
65.0,119.0,0.25921822959677177
65.0,121.0,0.24196721135599641
65.0,123.0,0.3089424244255673
65.0,125.0,0.362749117827195
65.0,127.0,0.2805413714894085
65.0,129.0,0.20840107497571278
65.0,131.0,0.21988472206852616
65.0,133.0,0.24167726554903293
65.0,135.0,0.24836364497322325
65.0,137.0,0.35549198542882504
65.0,139.0,0.3465402163885558
65.0,141.0,0.3425535496841032
65.0,143.0,0.2793782516959412
65.0,145.0,0.2871363844235686
65.0,147.0,0.2831718745224701
65.0,149.0,0.2985860543043809
65.0,151.0,0.3325323411226674
65.0,153.0,0.3209389932517857
65.0,155.0,0.33909634174397035
65.0,157.0,0.29690488003756954
65.0,159.0,0.3128350861115137
65.0,161.0,0.36690587003640207
65.0,163.0,0.3822246958051477
65.0,165.0,0.38589458218897366
65.0,167.0,0.3222182631194493
65.0,169.0,0.2664852691266032
65.0,171.0,0.2439181882059505
65.0,173.0,0.21043289190342274
65.0,175.0,0.2176414759117338
67.0,-177.0,0.23997036201330887
67.0,-159.0,0.04765646442631817
67.0,-157.0,0.11222794582160887
67.0,-155.0,0.10178191052920237
67.0,-153.0,0.07403487748112787
67.0,-151.0,0.12246412663160715
67.0,-149.0,0.1544537269849589
67.0,-147.0,0.0907260191623648
67.0,-145.0,0.07883312087275508
67.0,-143.0,0.01702372829993891
67.0,-141.0,0.03051907401269099
67.0,-139.0,0.05058943138413001
67.0,-137.0,-0.01199483094680009
67.0,-135.0,-0.0006740728445796742
67.0,-133.0,-0.02083024606217011
67.0,-131.0,-0.0044284287450739365
67.0,-129.0,0.012129951294051549
67.0,-127.0,0.021136434693565277
67.0,-125.0,-0.011131126818106307
67.0,-119.0,0.055097524769565066
67.0,-117.0,0.053753981276215515
67.0,-115.0,0.02722050782069356
67.0,-113.0,-0.0029950126606616504
67.0,-111.0,-0.006438210893402948
67.0,-105.0,0.0001440772708387443
67.0,-103.0,0.019561813153906645
67.0,-101.0,0.06036319837860171
67.0,-99.0,0.0988338046016683
67.0,-97.0,0.10503457094187557
67.0,-93.0,0.12012358801793081
67.0,-91.0,0.06745333187003566
67.0,-89.0,0.043910483422452615
67.0,-69.0,-0.09432656613664764
67.0,-67.0,-0.012326589793167069
67.0,17.0,-0.2214666039343599
67.0,19.0,-0.08566768092285107
67.0,21.0,-0.0819321472367119
67.0,23.0,-0.15946134197787848
67.0,25.0,-0.32129158315383055
67.0,27.0,-0.26232864454875954
67.0,29.0,-0.17983632208536982
67.0,31.0,-0.09948847720192289
67.0,33.0,-0.057684496366668274
67.0,37.0,-0.09342999715724885
67.0,39.0,-0.11490505382311728
67.0,49.0,-0.17498371888022915
67.0,51.0,-0.11510546063357802
67.0,53.0,-0.09481612484406582
67.0,55.0,-0.07416805387187318
67.0,57.0,-0.04110634440926923
67.0,59.0,0.0039482224277734715
67.0,61.0,0.05689422792665019
67.0,63.0,0.10190666176613612
67.0,65.0,0.12659327109378787
67.0,67.0,0.2038397789162338
67.0,69.0,0.22574318901004242
67.0,75.0,0.1799181485579571
67.0,77.0,0.17927600849246073
67.0,79.0,0.20994100713946667
67.0,81.0,0.20071661497487903
67.0,83.0,0.18859842558956882
67.0,85.0,0.18625912455114618
67.0,87.0,0.15600067930099984
67.0,89.0,0.1367201702062224
67.0,91.0,0.13472015860451947
67.0,93.0,0.1703018265159949
67.0,95.0,0.19201655844747834
67.0,97.0,0.1703536373894154
67.0,99.0,0.18294839259411677
67.0,101.0,0.205635614900707
67.0,103.0,0.202039858000561
67.0,105.0,0.17016499057057638
67.0,107.0,0.1655676452295289
67.0,109.0,0.1488209280119597
67.0,111.0,0.13807025155689945
67.0,113.0,0.1596357443335819
67.0,115.0,0.19968514968137488
67.0,117.0,0.23846810460333218
67.0,119.0,0.20652254869703637
67.0,121.0,0.23038312716697684
67.0,123.0,0.2969850676736528
67.0,125.0,0.37675874359135864
67.0,127.0,0.38029726707421646
67.0,129.0,0.3498474365068191
67.0,131.0,0.37054049869473554
67.0,133.0,0.3629292017654986
67.0,135.0,0.37235592909608106
67.0,137.0,0.3797952857016956
67.0,139.0,0.3504576564947222
67.0,141.0,0.38034611479213254
67.0,143.0,0.42470760468350544
67.0,145.0,0.4700611431599581
67.0,147.0,0.5017220400752501
67.0,149.0,0.47027035099108666
67.0,151.0,0.41951923293626014
67.0,153.0,0.49240025260838516
67.0,155.0,0.4893872555431582
67.0,157.0,0.4544287358997407
67.0,159.0,0.4333304724189629
67.0,161.0,0.4154332231752576
67.0,163.0,0.39034585566035757
67.0,165.0,0.32572123325118985
67.0,167.0,0.3594146750921365
67.0,169.0,0.3734347811808983
67.0,171.0,0.3557808524233356
67.0,173.0,0.3481992965863046
67.0,175.0,0.3917469155103521
67.0,177.0,0.3868329169890757
69.0,-161.0,0.19273700864532783
69.0,-159.0,0.1508109625897793
69.0,-157.0,0.11076206194259712
69.0,-155.0,0.09653865776393586
69.0,-153.0,0.07518271016347154
69.0,-151.0,0.07043147885553394
69.0,-149.0,0.04272976903712821
69.0,-147.0,0.014191842812230378
69.0,-145.0,0.051964375033842
69.0,-131.0,0.04135310231841874
69.0,-129.0,0.0713438260277579
69.0,-127.0,0.051749005592602516
69.0,-121.0,0.16730874899485107
69.0,-93.0,0.07344686693028352
69.0,-83.0,-0.1941941828166695
69.0,-73.0,-0.2904600356799839
69.0,-71.0,-0.09866701418487354
69.0,-69.0,-0.03422107003764887
69.0,21.0,-0.15127882966964448
69.0,23.0,-0.07043918506645648
69.0,25.0,-0.11143454534133289
69.0,27.0,-0.10918247123318735
69.0,29.0,-0.12616724415449176
69.0,31.0,-0.1148685624546677
69.0,71.0,0.10699262398572423
69.0,75.0,0.19190046826183815
69.0,79.0,0.18312906427164014
69.0,81.0,0.20290886158519933
69.0,83.0,0.17429555450252562
69.0,85.0,0.16203822893504488
69.0,87.0,0.11298977716161565
69.0,89.0,0.13269310756703653
69.0,91.0,0.2038480939903728
69.0,93.0,0.23119614520021628
69.0,95.0,0.2086093802550776
69.0,97.0,0.16731729073543075
69.0,99.0,0.14944346936542907
69.0,101.0,0.22457053750594744
69.0,103.0,0.22910145465907153
69.0,105.0,0.22263844293208376
69.0,107.0,0.19825552293100346
69.0,109.0,0.2195965937036803
69.0,111.0,0.2130535957232866
69.0,113.0,0.20606110987959694
69.0,115.0,0.1942036343250422
69.0,117.0,0.24583093036738332
69.0,119.0,0.28551243129750453
69.0,121.0,0.30485549556578717
69.0,123.0,0.3824493008271375
69.0,125.0,0.3977996504662496
69.0,127.0,0.497331469468962
69.0,129.0,0.45974805203683966
69.0,131.0,0.4636775777166633
69.0,133.0,0.46978445919018275
69.0,135.0,0.46596612590787534
69.0,137.0,0.536007458974129
69.0,139.0,0.5053858535958705
69.0,141.0,0.4851520962908494
69.0,143.0,0.44700434757757057
69.0,145.0,0.4782126853856289
69.0,147.0,0.46002934695441683
69.0,149.0,0.42572178987577536
69.0,151.0,0.4623183945955292
69.0,153.0,0.4969202081246438
69.0,155.0,0.5350291336580196
69.0,157.0,0.4526069219240711
69.0,159.0,0.47357511659064966
69.0,163.0,0.3454709188448711
69.0,167.0,0.4168232858977434
69.0,171.0,0.39557509526583723
69.0,173.0,0.3549917303081022
69.0,175.0,0.40254751716665566
69.0,177.0,0.32126910253840346
71.0,-111.0,0.07506369192484415
71.0,-109.0,0.09320356759621456
71.0,-107.0,0.08635231559522527
71.0,-105.0,0.08777055736465438
71.0,-87.0,-0.03369504662454683
71.0,-83.0,-0.16498872016953675
71.0,-81.0,-0.23066048842512316
71.0,-79.0,-0.15367250439546895
71.0,-77.0,-0.11538010716905771
71.0,-75.0,-0.15425155810912544
71.0,69.0,0.03447769504731513
71.0,71.0,0.061179732786784964
71.0,75.0,0.17361773691644145
71.0,79.0,0.17923942645194066
71.0,81.0,0.17630018227719377
71.0,83.0,0.190914162846219
71.0,85.0,0.17462588603246432
71.0,87.0,0.17109542913776263
71.0,89.0,0.15033037176176875
71.0,91.0,0.13007398126163935
71.0,93.0,0.10403686252192795
71.0,95.0,0.12433367436113278
71.0,97.0,0.10538641359416032
71.0,99.0,0.18100821186771665
71.0,101.0,0.25015880252198774
71.0,103.0,0.27198308420469924
71.0,105.0,0.2913253103950168
71.0,107.0,0.2511862586887719
71.0,109.0,0.19938731905363172
71.0,111.0,0.1749983662323631
71.0,113.0,0.23124939348434345
71.0,115.0,0.27567500325656463
71.0,117.0,0.3247695299129559
71.0,119.0,0.3088551940502389
71.0,121.0,0.33100045708369
71.0,123.0,0.3382802606267848
71.0,125.0,0.3885806742492111
71.0,127.0,0.42350867480315524
71.0,141.0,0.5677943722478711
71.0,143.0,0.5325011824471372
71.0,145.0,0.46041751432321987
71.0,147.0,0.4574153868079165
71.0,149.0,0.467036163634093
73.0,-123.0,0.12164048696637635
73.0,-121.0,0.06947440401965158
73.0,-117.0,-0.0063635782950704845
73.0,-99.0,-0.010001739645343594
73.0,-87.0,-0.12537058675181892
73.0,-83.0,-0.17314207295398198
73.0,55.0,-0.6290873939356406
73.0,83.0,0.15728145856138898
73.0,85.0,0.19439741785331466
73.0,87.0,0.18898827796640025
73.0,89.0,0.22236931597174836
73.0,91.0,0.22630272511412386
73.0,93.0,0.23531954935380972
73.0,95.0,0.25963604123760137
73.0,97.0,0.30243241417431976
73.0,99.0,0.3274476114021962
73.0,101.0,0.3102971259084287
73.0,103.0,0.2942903480143462
73.0,105.0,0.3040956802068416
73.0,111.0,0.34320962369713404
75.0,93.0,0.22925834157103883
75.0,95.0,0.22932027064715774
75.0,97.0,0.23013767833512858
75.0,99.0,0.2418673854062883
75.0,101.0,0.221352149915358
75.0,103.0,0.14292483310903606
75.0,105.0,0.12256862113752294
75.0,107.0,0.1549228234769039
75.0,109.0,0.1889855787935254
77.0,-95.0,-0.09684514056313917
77.0,-87.0,0.03314786065773361
77.0,-85.0,0.04146772466850807
79.0,-91.0,-0.4180873169519784
79.0,-83.0,-0.16262468645299688
79.0,-81.0,-0.03891354923493302
79.0,-79.0,-0.056490050013596985
79.0,-77.0,-0.16706017724785666
79.0,15.0,-1.033890841870119
79.0,17.0,-1.344067969127185
79.0,19.0,-0.9274806049322262
81.0,-85.0,-0.707158564318923
81.0,-83.0,-0.7695365255647098
81.0,-81.0,-0.16380454981300532
81.0,-79.0,-0.2175343983918198
81.0,-77.0,-0.3339856780270862
81.0,-75.0,-0.3629236802427286
81.0,-73.0,-0.20880644238798934
81.0,-71.0,-0.1800934049234412
